id;s_3_key;form_name;raw_text;status;extracted_at
1;before meh;raw;../fake-data/blob/hipster.txt;hamburger verbally d;2026-04-17T21:26:52
2;fen across;obligation whether;../fake-data/blob/hipster.txt;glow but blowgun;2026-04-17T06:54:44
3;consequently likewise;lighthearted boohoo;../fake-data/blob/hipster.txt;pish complication mm;2026-04-17T13:39:11
4;down fuss;kindly;../fake-data/blob/hipster.txt;order opposite;2026-04-18T01:04:47
5;ouch though;huzzah till;../fake-data/blob/hipster.txt;meanwhile duh queasy;2026-04-17T12:35:53
6;smog ouch jaggedly;evenly;../fake-data/blob/hipster.txt;curly mothball about;2026-04-17T16:21:05
7;gah glass;unruly deceivingly than;../fake-data/blob/hipster.txt;hubris consequently ;2026-04-18T01:00:50
8;reward;however arrogantly;../fake-data/blob/hipster.txt;self-assured qua reb;2026-04-17T08:17:31
9;swordfish;hippodrome summer than;../fake-data/blob/hipster.txt;puff;2026-04-17T13:37:38
10;raw bind;kettledrum instead assured;../fake-data/blob/hipster.txt;meanwhile noisily pi;2026-04-17T16:23:45
