id;author_email;content;created_at
1;fooey lovingly spook;../fake-data/blob/hipster.txt;2026-04-11T02:28:28
2;providence gah;../fake-data/blob/hipster.txt;2026-04-10T16:36:42
3;quintuple obligation;../fake-data/blob/hipster.txt;2026-04-10T23:49:20
4;infamous;../fake-data/blob/hipster.txt;2026-04-10T17:19:14
5;tomorrow;../fake-data/blob/hipster.txt;2026-04-11T02:17:55
6;delicious basket blond;../fake-data/blob/hipster.txt;2026-04-10T09:42:07
7;terrorise penalise;../fake-data/blob/hipster.txt;2026-04-11T03:02:06
8;loftily granny blah;../fake-data/blob/hipster.txt;2026-04-10T14:19:05
9;yahoo unnecessarily;../fake-data/blob/hipster.txt;2026-04-11T05:10:46
10;self-reliant hmph;../fake-data/blob/hipster.txt;2026-04-11T00:35:31
